<?xml version="1.0" encoding="UTF-8"?>
<project xmlns="http://maven.apache.org/POM/4.0.0"
         xmlns:xsi="http://www.w3.org/2001/XMLSchema-instance"
         xsi:schemaLocation="http://maven.apache.org/POM/4.0.0 http://maven.apache.org/xsd/maven-4.0.0.xsd">
    <modelVersion>4.0.0</modelVersion>
    <parent>
        <groupId>org.springframework.boot</groupId>
        <version>2.4.1</version>
        <artifactId>spring-boot-starter-parent</artifactId>
    </parent>

    <groupId>com.example</groupId>
    <artifactId>weblab4</artifactId>
    <version>0.0.1-SNAPSHOT</version>
    <name>weblab4</name>
    <packaging>war</packaging>


    <properties>
        <java.version>1.8</java.version>
    </properties>

    <dependencies>
        <dependency>
            <groupId>org.springframework.boot</groupId>
            <artifactId>spring-boot-starter-data-jpa</artifactId>
        </dependency>
        <dependency>
            <groupId>com.oracle.ojdbc</groupId>
            <artifactId>orai18n</artifactId>
            <version>19.3.0.0</version>
        </dependency>
        <dependency>
            <groupId>org.springframework.boot</groupId>
            <artifactId>spring-boot-starter-security</artifactId>
        </dependency>
        <dependency>
            <groupId>org.springframework.boot</groupId>
            <artifactId>spring-boot-starter-web</artifactId>
            <exclusions>
                <exclusion>
                    <groupId>org.springframework.boot</groupId>
                    <artifactId>spring-boot-starter-tomcat</artifactId>
                </exclusion>
            </exclusions>

        </dependency>
        <dependency>
            <groupId>javax</groupId>
            <artifactId>javaee-web-api</artifactId>
            <version>7.0</version>
            <scope>provided</scope>
        </dependency>
        <dependency>
            <groupId>com.oracle.database.jdbc</groupId>
            <artifactId>ojdbc8</artifactId>
            <scope>runtime</scope>
        </dependency>
        <dependency>
            <groupId>org.projectlombok</groupId>
            <artifactId>lombok</artifactId>
            <optional>true</optional>
        </dependency>
        <dependency>
            <groupId>io.jsonwebtoken</groupId>
            <artifactId>jjwt</artifactId>
            <version>0.8.0</version>
        </dependency>
        <dependency>
            <groupId>org.springframework.boot</groupId>
            <artifactId>spring-boot-starter-test</artifactId>
            <scope>test</scope>
            <exclusions>
                <exclusion>
                    <groupId>org.junit.vintage</groupId>
                    <artifactId>junit-vintage-engine</artifactId>
                </exclusion>
            </exclusions>
        </dependency>
        <dependency>
            <groupId>org.springframework.security</groupId>
            <artifactId>spring-security-test</artifactId>
            <scope>test</scope>
        </dependency>
        <dependency>
            <groupId>org.projectlombok</groupId>
            <artifactId>lombok</artifactId>
            <version>RELEASE</version>
            <scope>compile</scope>
        </dependency>
    </dependencies>


    <build>
        <plugins>
            <plugin>
                <groupId>org.springframework.boot</groupId>
                <artifactId>spring-boot-maven-plugin</artifactId>
            </plugin>
            <plugin>
                <groupId>com.github.eirslett</groupId>
                <artifactId>frontend-maven-plugin</artifactId>
                <version>1.7.6</version>
                <configuration>
                    <nodeVersion>v12.0.0</nodeVersion>
                    <npmVersion>6.9.0</npmVersion>
                    <workingDirectory>frontend/</workingDirectory>
                </configuration>
                <executions>
                    <execution>
                        <id>install node and npm</id>
                        <goals>
                            <goal>install-node-and-npm</goal>
                        </goals>
                        <phase>validate</phase>
                    </execution>
                    <execution>
                        <id>npm run build</id>
                        <goals>
                            <goal>npm</goal>
                        </goals>
                        <configuration>
                            <arguments>run build</arguments>
                        </configuration>
                        <phase>compile</phase>
                    </execution>
                    <execution>
                        <id>npm run move-dir</id>
                        <goals>
                            <goal>npm</goal>
                        </goals>
                        <configuration>
                            <arguments>run move-dir</arguments>
                        </configuration>
                        <phase>test</phase>
                    </execution>
                </executions>
            </plugin>
            <plugin>
                <groupId>org.apache.maven.plugins</groupId>
                <artifactId>maven-war-plugin</artifactId>
                <version>3.3.0</version>
                <executions>
                    <execution>
                        <id>package to war</id>
                        <goals>
                            <goal>exploded</goal>
                        </goals>
                        <phase>package</phase>
                    </execution>
                </executions>
            </plugin>

        </plugins>
    </build>

</project>